<?xml version="1.0" encoding="UTF-8"?>
<packaging:packageUnit xmlns:packaging="http://schemas.tibco.com/tra/model/core/PackagingModel" xmlns:xsd="http://www.w3.org/2001/XMLSchema">
  <packaging:description></packaging:description>
  <packaging:properties>
    <packaging:property>
      <packaging:name>//ESB_MEDIATOR2.module//BW.DEPLOYMENTUNIT.TYPE</packaging:name>
      <packaging:type>xsd:string</packaging:type>
      <packaging:visibility>private</packaging:visibility>
      <packaging:scalable>true</packaging:scalable>
      <packaging:overrideValue>false</packaging:overrideValue>
    </packaging:property>
    <packaging:property>
      <packaging:name>//ESB_MEDIATOR2.module//BW.APPNODE.NAME</packaging:name>
      <packaging:type>xsd:string</packaging:type>
      <packaging:visibility>private</packaging:visibility>
      <packaging:scalable>true</packaging:scalable>
      <packaging:overrideValue>false</packaging:overrideValue>
    </packaging:property>
    <packaging:property>
      <packaging:name>//ESB_MEDIATOR2.module//BW.DEPLOYMENTUNIT.NAME</packaging:name>
      <packaging:type>xsd:string</packaging:type>
      <packaging:visibility>private</packaging:visibility>
      <packaging:scalable>true</packaging:scalable>
      <packaging:overrideValue>false</packaging:overrideValue>
    </packaging:property>
    <packaging:property>
      <packaging:name>//ESB_MEDIATOR2.module//BW.HOST.NAME</packaging:name>
      <packaging:type>xsd:string</packaging:type>
      <packaging:visibility>private</packaging:visibility>
      <packaging:scalable>true</packaging:scalable>
      <packaging:overrideValue>false</packaging:overrideValue>
    </packaging:property>
    <packaging:property>
      <packaging:name>//ESB_MEDIATOR2.module//BW.DOMAIN.NAME</packaging:name>
      <packaging:type>xsd:string</packaging:type>
      <packaging:visibility>private</packaging:visibility>
      <packaging:scalable>true</packaging:scalable>
      <packaging:overrideValue>false</packaging:overrideValue>
    </packaging:property>
    <packaging:property>
      <packaging:name>//ESB_MEDIATOR2.module//BW.DEPLOYMENTUNIT.VERSION</packaging:name>
      <packaging:type>xsd:string</packaging:type>
      <packaging:visibility>private</packaging:visibility>
      <packaging:scalable>true</packaging:scalable>
      <packaging:overrideValue>false</packaging:overrideValue>
    </packaging:property>
    <packaging:property>
      <packaging:name>//ESB_MEDIATOR2.module//BW.APPSPACE.NAME</packaging:name>
      <packaging:type>xsd:string</packaging:type>
      <packaging:visibility>private</packaging:visibility>
      <packaging:scalable>true</packaging:scalable>
      <packaging:overrideValue>false</packaging:overrideValue>
    </packaging:property>
    <packaging:property>
      <packaging:name>//ESB_MEDIATOR2.module//BW.MODULE.VERSION</packaging:name>
      <packaging:type>xsd:string</packaging:type>
      <packaging:visibility>private</packaging:visibility>
      <packaging:scalable>true</packaging:scalable>
      <packaging:overrideValue>false</packaging:overrideValue>
    </packaging:property>
    <packaging:property>
      <packaging:name>//ESB_MEDIATOR2.module//BW.MODULE.NAME</packaging:name>
      <packaging:type>xsd:string</packaging:type>
      <packaging:visibility>private</packaging:visibility>
      <packaging:scalable>true</packaging:scalable>
      <packaging:overrideValue>false</packaging:overrideValue>
    </packaging:property>
    <packaging:property>
      <packaging:name>//ESB_COMMONS//BW.DEPLOYMENTUNIT.TYPE</packaging:name>
      <packaging:type>xsd:string</packaging:type>
      <packaging:visibility>private</packaging:visibility>
      <packaging:scalable>true</packaging:scalable>
      <packaging:overrideValue>false</packaging:overrideValue>
    </packaging:property>
    <packaging:property>
      <packaging:name>//ESB_COMMONS///JMS/mediatorDestination</packaging:name>
      <packaging:type>xsd:string</packaging:type>
      <packaging:visibility>public</packaging:visibility>
      <packaging:scalable>true</packaging:scalable>
      <packaging:overrideValue>false</packaging:overrideValue>
    </packaging:property>
    <packaging:property>
      <packaging:name>//ESB_COMMONS//BW.APPNODE.NAME</packaging:name>
      <packaging:type>xsd:string</packaging:type>
      <packaging:visibility>private</packaging:visibility>
      <packaging:scalable>true</packaging:scalable>
      <packaging:overrideValue>false</packaging:overrideValue>
    </packaging:property>
    <packaging:property>
      <packaging:name>//ESB_COMMONS//BW.HOST.NAME</packaging:name>
      <packaging:type>xsd:string</packaging:type>
      <packaging:visibility>private</packaging:visibility>
      <packaging:scalable>true</packaging:scalable>
      <packaging:overrideValue>false</packaging:overrideValue>
    </packaging:property>
    <packaging:property>
      <packaging:name>//ESB_COMMONS//BW.DOMAIN.NAME</packaging:name>
      <packaging:type>xsd:string</packaging:type>
      <packaging:visibility>private</packaging:visibility>
      <packaging:scalable>true</packaging:scalable>
      <packaging:overrideValue>false</packaging:overrideValue>
    </packaging:property>
    <packaging:property>
      <packaging:name>//ESB_COMMONS///JMS/jmsTraceQueName</packaging:name>
      <packaging:type>xsd:string</packaging:type>
      <packaging:visibility>private</packaging:visibility>
      <packaging:scalable>true</packaging:scalable>
      <packaging:overrideValue>false</packaging:overrideValue>
    </packaging:property>
    <packaging:property>
      <packaging:name>//ESB_COMMONS//BW.APPSPACE.NAME</packaging:name>
      <packaging:type>xsd:string</packaging:type>
      <packaging:visibility>private</packaging:visibility>
      <packaging:scalable>true</packaging:scalable>
      <packaging:overrideValue>false</packaging:overrideValue>
    </packaging:property>
    <packaging:property>
      <packaging:name>//ESB_COMMONS//BW.MODULE.VERSION</packaging:name>
      <packaging:type>xsd:string</packaging:type>
      <packaging:visibility>private</packaging:visibility>
      <packaging:scalable>true</packaging:scalable>
      <packaging:overrideValue>false</packaging:overrideValue>
    </packaging:property>
    <packaging:property>
      <packaging:name>//ESB_COMMONS///JMS/jmsElkQueName</packaging:name>
      <packaging:type>xsd:string</packaging:type>
      <packaging:visibility>public</packaging:visibility>
      <packaging:scalable>true</packaging:scalable>
      <packaging:overrideValue>false</packaging:overrideValue>
    </packaging:property>
    <packaging:property>
      <packaging:name>//ESB_COMMONS///JMS/traceExecutionTimeOut</packaging:name>
      <packaging:type>xsd:int</packaging:type>
      <packaging:visibility>public</packaging:visibility>
      <packaging:scalable>true</packaging:scalable>
      <packaging:overrideValue>false</packaging:overrideValue>
    </packaging:property>
    <packaging:property>
      <packaging:name>//ESB_COMMONS///JMS/url</packaging:name>
      <packaging:type>xsd:string</packaging:type>
      <packaging:visibility>public</packaging:visibility>
      <packaging:scalable>true</packaging:scalable>
      <packaging:overrideValue>false</packaging:overrideValue>
    </packaging:property>
    <packaging:property>
      <packaging:name>//ESB_COMMONS//BW.DEPLOYMENTUNIT.NAME</packaging:name>
      <packaging:type>xsd:string</packaging:type>
      <packaging:visibility>private</packaging:visibility>
      <packaging:scalable>true</packaging:scalable>
      <packaging:overrideValue>false</packaging:overrideValue>
    </packaging:property>
    <packaging:property>
      <packaging:name>//ESB_COMMONS///JMS/traceAllowedMaxSessions</packaging:name>
      <packaging:type>xsd:int</packaging:type>
      <packaging:visibility>public</packaging:visibility>
      <packaging:scalable>true</packaging:scalable>
      <packaging:overrideValue>false</packaging:overrideValue>
    </packaging:property>
    <packaging:property>
      <packaging:name>//ESB_COMMONS///rateLimit/max</packaging:name>
      <packaging:type>xsd:int</packaging:type>
      <packaging:visibility>public</packaging:visibility>
      <packaging:scalable>true</packaging:scalable>
      <packaging:overrideValue>false</packaging:overrideValue>
    </packaging:property>
    <packaging:property>
      <packaging:name>//ESB_COMMONS//BW.DEPLOYMENTUNIT.VERSION</packaging:name>
      <packaging:type>xsd:string</packaging:type>
      <packaging:visibility>private</packaging:visibility>
      <packaging:scalable>true</packaging:scalable>
      <packaging:overrideValue>false</packaging:overrideValue>
    </packaging:property>
    <packaging:property>
      <packaging:name>//ESB_COMMONS///JMS/jmsMockupQueName</packaging:name>
      <packaging:type>xsd:string</packaging:type>
      <packaging:visibility>public</packaging:visibility>
      <packaging:scalable>true</packaging:scalable>
      <packaging:overrideValue>false</packaging:overrideValue>
    </packaging:property>
    <packaging:property>
      <packaging:name>//ESB_COMMONS///node/num</packaging:name>
      <packaging:type>xsd:string</packaging:type>
      <packaging:visibility>public</packaging:visibility>
      <packaging:scalable>false</packaging:scalable>
      <packaging:overrideValue>false</packaging:overrideValue>
    </packaging:property>
    <packaging:property>
      <packaging:name>//ESB_COMMONS///rateLimit/TTL</packaging:name>
      <packaging:type>xsd:int</packaging:type>
      <packaging:visibility>public</packaging:visibility>
      <packaging:scalable>true</packaging:scalable>
      <packaging:overrideValue>false</packaging:overrideValue>
    </packaging:property>
    <packaging:property>
      <packaging:name>//ESB_COMMONS//BW.MODULE.NAME</packaging:name>
      <packaging:type>xsd:string</packaging:type>
      <packaging:visibility>private</packaging:visibility>
      <packaging:scalable>true</packaging:scalable>
      <packaging:overrideValue>false</packaging:overrideValue>
    </packaging:property>
  </packaging:properties>
  <packaging:modules>
    <packaging:module>
      <packaging:symbolicName>ESB_MEDIATOR2.module</packaging:symbolicName>
      <packaging:technologyType>osgi-bundle,bw-appmodule</packaging:technologyType>
      <packaging:technologyVersion>1.0.0.qualifier</packaging:technologyVersion>
    </packaging:module>
    <packaging:module>
      <packaging:symbolicName>ESB_COMMONS</packaging:symbolicName>
      <packaging:technologyType>osgi-bundle,bw-sharedmodule</packaging:technologyType>
      <packaging:technologyVersion>1.0.0.qualifier</packaging:technologyVersion>
    </packaging:module>
  </packaging:modules>
</packaging:packageUnit>