<?xml version="1.0" encoding="ASCII"?>
<annox:package xmlns:annox="http://annox.dev.java.net" xmlns:jaxb="http://annox.dev.java.net/javax.xml.bind.annotation">
  <annox:class name="SerStringArr">
    <jaxb:XmlAccessorType value="NONE"/>
    <jaxb:XmlType name="SerStringArrType" propOrder="values "/>
    <jaxb:XmlRootElement name="SerStringArr" namespace="www.tibco.com/plugin/java/xmlSchema/ESB.SerStringArr"/>
    <annox:field name="values">
      <jaxb:XmlElement name="values" namespace="www.tibco.com/plugin/java/xmlSchema/ESB.SerStringArr"/>
    </annox:field>
  </annox:class>
  <jaxb:XmlSchema elementFormDefault="QUALIFIED" namespace="www.tibco.com/plugin/java/xmlSchema/ESB.SerStringArr"/>
</annox:package>